3,0,0,0,0,0,0,0,0,0,0,0,0,0,1
3,0,0,0,0,0,0,0,0,0,0,0,0,0,1
1,0,0,0.5,0,0,0,0,0,0.5,0,0,0,0,0
4,0.2,0,0,0,0.4,0.4,0,0,0,0,0,0,0,0
4,0,0,0,0,0,0,0,0,0,0,0,0,1,0
4,1,0,0,0,0,0,0,0,0,0,0,0,0,0
4,0.5,0,0,0,0,0,0,0,0,0,0,0,0.5,0
2,0,1,0,0,0,0,0,0,0,0,0,0,0,0
2,0,1,0,0,0,0,0,0,0,0,0,0,0,0
0,0,0,0,0,0,0,1,0,0,0,0,0,0,0
0,0,0,0,0,0,0,1,0,0,0,0,0,0,0
1,0,0,0.67,0,0,0,0,0,0.33,0,0,0,0,0
6,0,0,0,0.38,0.62,0,0,0,0,0,0,0,0,0
1,0,0,1,0,0,0,0,0,0,0,0,0,0,0
1,0,0,0.5,0,0,0,0,0,0.5,0,0,0,0,0
5,0,0,0,0,0.75,0,0,0,0,0,0,0,0.25,0
5,0,0,0,0,0.5,0,0,0,0,0,0,0,0.5,0
5,0,0,0,0,0,0,0,0,0,0,0,0,1,0
5,0,0,0,0,1,0,0,0,0,0,0,0,0,0
5,0,0,0,0,0,1,0,0,0,0,0,0,0,0
5,0,0,0,0.5,0,0,0,0,0,0,0.5,0,0,0
5,0,0,0,0,0,0,0,0,0,1,0,0,0,0
5,0,0,0,0,0,0,0,0,0,1,0,0,0,0
5,0,0,0,0,1,0,0,0,0,0,0,0,0,0
5,0,0,0,0,0.5,0.5,0,0,0,0,0,0,0,0
5,1,0,0,0,0,0,0,0,0,0,0,0,0,0
5,1,0,0,0,0,0,0,0,0,0,0,0,0,0
5,0.5,0,0,0,0.5,0,0,0,0,0,0,0,0,0
5,0,0,0,0,1,0,0,0,0,0,0,0,0,0
5,0,0,0,0,0,1,0,0,0,0,0,0,0,0
5,0,0,0,0,1,0,0,0,0,0,0,0,0,0
6,0,0,0,0,1,0,0,0,0,0,0,0,0,0
1,0,0,0.75,0,0,0,0,0,0.25,0,0,0,0,0
3,0,0,0,0,0,0,0,0,0,0,0,0,0,1
3,0,1,0,0,0,0,0,0,0,0,0,0,0,0
3,0,1,0,0,0,0,0,0,0,0,0,0,0,0
1,0,0,1,0,0,0,0,0,0,0,0,0,0,0
3,0,0,0,0,0,0,0,0,0,0,0,0,0,1
1,0,0.6,0,0,0,0,0,0,0.1,0,0,0,0,0.3
3,0,1,0,0,0,0,0,0,0,0,0,0,0,0
3,0,0,0,0,0,0,0,0,0,0,0,0,0,1
1,0,0,0.67,0,0,0,0,0,0.33,0,0,0,0,0
3,0,0,0,0,0,0,0,0,0,0,0,0,0,1
3,0,0,0,0,0,0,0,0,0,0,0,0,0,1
1,0,0,0.5,0,0,0,0,0,0,0,0,0,0,0.5
3,0,0,0,0,0,0,0,0,0,0,0,0,0,1
3,0,0,0,0,0,0,0,0,0,0,0,0,0,1
1,0,0,1,0,0,0,0,0,0,0,0,0,0,0
1,0,0,0.67,0,0,0,0,0,0.33,0,0,0,0,0
4,0,0,0,0,0,0.33,0,0,0,0,0,0,0.67,0
4,0,0,0,0,1,0,0,0,0,0,0,0,0,0
4,0,0,0,0,1,0,0,0,0,0,0,0,0,0
2,0,1,0,0,0,0,0,0,0,0,0,0,0,0
2,0,1,0,0,0,0,0,0,0,0,0,0,0,0
0,0,0,0,0,0,0,1,0,0,0,0,0,0,0
0,0,0,0,0,0,0,1,0,0,0,0,0,0,0
0,0,0,1,0,0,0,0,0,0,0,0,0,0,0
1,0,0,1,0,0,0,0,0,0,0,0,0,0,0
1,0,0,0.5,0,0,0,0,0,0.5,0,0,0,0,0
6,0,0,0,0.25,0.75,0,0,0,0,0,0,0,0,0
1,0,0,1,0,0,0,0,0,0,0,0,0,0,0
1,0,0,0,0,0,0,0,0,1,0,0,0,0,0
1,0,0,1,0,0,0,0,0,0,0,0,0,0,0
1,0,0,0,0,0,0,0,0,0,0,0,0,0,1
3,0,0,0,0,0,0,0,0,0,0,0,0,0,1
4,0,0,0,0,0.5,0.17,0,0,0,0,0,0,0.33,0
1,0,0,1,0,0,0,0,0,0,0,0,0,0,0
1,0,0,0.5,0,0,0,0,0,0.5,0,0,0,0,0
2,0,1,0,0,0,0,0,0,0,0,0,0,0,0
2,0,1,0,0,0,0,0,0,0,0,0,0,0,0
0,0,0,0,0,0,0,1,0,0,0,0,0,0,0
0,0,0,0,0,0,0,1,0,0,0,0,0,0,0
5,0,0,0,0,0,0,0,0,0,0,0,0,1,0
5,0,0,0,0,0,0,0,0,0,0,0,0,1,0
6,0,0,0,0.5,0.5,0,0,0,0,0,0,0,0,0
1,0,0,1,0,0,0,0,0,0,0,0,0,0,0
1,0,0,0,0,0,0,0,0,1,0,0,0,0,0
1,0,0,1,0,0,0,0,0,0,0,0,0,0,0
1,0,0,1,0,0,0,0,0,0,0,0,0,0,0
1,0,0.17,0.67,0,0,0,0,0,0.17,0,0,0,0,0
3,0,0,0,0,0,0,0,0,0,0,0,0,0,1
1,0,0,0.67,0,0,0,0,0,0.33,0,0,0,0,0
3,0,0,0,0,0,0,0,0,0,0,0,0,0,1
3,0,0,0,0,0,0,0,0,0,0,0,0,0,1
1,0,0,0.67,0,0,0,0,0,0.33,0,0,0,0,0
4,0,0,0,0,0,0.14,0,0,0,0,0,0,0.86,0
4,0,0,0,0,0,0,0,0,0,0,0,0,1,0
1,0,0,1,0,0,0,0,0,0,0,0,0,0,0
1,0,0,0.5,0,0,0,0,0,0.5,0,0,0,0,0
2,0,1,0,0,0,0,0,0,0,0,0,0,0,0
2,0,1,0,0,0,0,0,0,0,0,0,0,0,0
0,0,0,0,0,0,0,1,0,0,0,0,0,0,0
0,0,0,0,0,0,0,1,0,0,0,0,0,0,0
1,0,0,0.67,0,0,0,0,0,0.33,0,0,0,0,0
0,0,0,0,0,0,0,1,0,0,0,0,0,0,0
0,0,0,0,0,0,0,1,0,0,0,0,0,0,0
1,0,0,1,0,0,0,0,0,0,0,0,0,0,0
1,0,0,0.5,0,0,0,0,0,0.5,0,0,0,0,0
1,0,0,0.75,0,0,0,0,0,0.25,0,0,0,0,0
1,0,0,0.6,0,0,0,0,0,0,0,0,0,0,0.4
3,0,0,0,0,0,0,0,0,0,0,0,0,0,1
3,0,0,0,0,0,0,0,0,0,0,0,0,0,1
4,0,0,0,0,0.33,0.33,0,0,0,0,0,0,0.33,0
1,0,0,0.5,0,0,0,0,0,0.5,0,0,0,0,0
2,0,1,0,0,0,0,0,0,0,0,0,0,0,0
2,0,1,0,0,0,0,0,0,0,0,0,0,0,0
0,0,0,0,0,0,0,1,0,0,0,0,0,0,0
0,0,0,0,0,0,0,1,0,0,0,0,0,0,0
0,0,0,0,0,1,0,0,0,0,0,0,0,0,0
0,0,0,0,0,0,0,1,0,0,0,0,0,0,0
0,0,0,0,0,0,0,1,0,0,0,0,0,0,0
1,0,0,0.67,0,0,0,0,0,0.33,0,0,0,0,0
5,0,0,0,0.25,0.5,0.25,0,0,0,0,0,0,0,0
5,0,0,0,0,0.5,0,0,0,0,0,0,0,0.5,0
5,0,0,0,0,1,0,0,0,0,0,0,0,0,0
5,0,0,0,0,0,0,0,0,0,0,1,0,0,0
5,0,0,0,0,1,0,0,0,0,0,0,0,0,0
5,0,0,0,0,0,0,0,0,0,0,1,0,0,0
5,0,0,0,0,0,0,0,0,0,0,1,0,0,0
5,0,0,0,0,0.75,0,0,0,0,0,0.25,0,0,0
5,0,0,0,0,1,0,0,0,0,0,0,0,0,0
5,0,0,0,0.2,0,0.2,0,0,0,0,0.6,0,0,0
5,0,0,0,0,0,0,0,0,0,0,1,0,0,0
5,0,0,0,0,0,0,0,0,0,0,1,0,0,0
5,0,0,0,0,0.5,0,0,0,0,0.5,0,0,0,0
5,0,0,0,0,1,0,0,0,0,0,0,0,0,0
5,0,0,0,0,0,0,0,0,0,0,1,0,0,0
5,0,0,0,0,0.5,0,0,0,0,0,0.5,0,0,0
0,0,0,0,0,0,0,1,0,0,0,0,0,0,0
0,0,0,0,0,0,0,1,0,0,0,0,0,0,0
1,0,0.25,0.5,0,0,0,0,0,0.25,0,0,0,0,0
5,0,0,0,0,0,0,0,0,0,1,0,0,0,0
5,0,0,0,0,0,1,0,0,0,0,0,0,0,0
5,0,0,0,0,0,0.33,0,0,0,0.67,0,0,0,0
1,0,0,0.8,0,0,0,0,0,0.2,0,0,0,0,0
3,0,0,0,0,0,0,0,0,0,0,0,0,0,1
3,0,0,0,0,0,0,0,0,0,0,0,0,0,1
3,0,0,0,0,0,0,0,0,0,0,0,0,0,1
1,0,0,1,0,0,0,0,0,0,0,0,0,0,0
1,0,0,1,0,0,0,0,0,0,0,0,0,0,0
4,0,0,0,0,0.29,0.29,0,0,0,0,0,0,0.43,0
2,0,1,0,0,0,0,0,0,0,0,0,0,0,0
2,0,1,0,0,0,0,0,0,0,0,0,0,0,0
0,0,0,0,0,0,0,1,0,0,0,0,0,0,0
0,0,0,0,0,0,0,1,0,0,0,0,0,0,0
1,0,0,0.75,0,0,0,0,0,0.25,0,0,0,0,0
0,0,0,0,0,0,0,1,0,0,0,0,0,0,0
0,0,0,0,0,0,0,1,0,0,0,0,0,0,0
1,0,1,0,0,0,0,0,0,0,0,0,0,0,0
0,0,0,0,0,0,0,1,0,0,0,0,0,0,0
0,0,0,0,0,0,0,1,0,0,0,0,0,0,0
1,0,0,1,0,0,0,0,0,0,0,0,0,0,0
6,0,0,0,0.4,0.6,0,0,0,0,0,0,0,0,0
1,0,0,1,0,0,0,0,0,0,0,0,0,0,0
1,0,0,0,0,0,0,0,0,1,0,0,0,0,0
1,0,1,0,0,0,0,0,0,0,0,0,0,0,0
1,0,0,1,0,0,0,0,0,0,0,0,0,0,0
3,0,0,0,0,0,0,0,0,0,0,0,0,0,1
1,0,0,0.67,0,0,0,0,0,0.33,0,0,0,0,0
1,0,0,0.67,0,0,0,0,0,0.33,0,0,0,0,0
4,0,0,0,0,0.33,0.17,0,0,0,0,0,0,0.5,0
2,0,0.67,0.33,0,0,0,0,0,0,0,0,0,0,0
2,0,1,0,0,0,0,0,0,0,0,0,0,0,0
5,0,0,1,0,0,0,0,0,0,0,0,0,0,0
1,0,0,1,0,0,0,0,0,0,0,0,0,0,0
1,0,0,0.5,0,0,0,0,0,0.5,0,0,0,0,0
1,0,0,0.5,0,0,0,0,0,0.5,0,0,0,0,0
1,0,0,1,0,0,0,0,0,0,0,0,0,0,0
1,0,0,0.25,0,0,0,0,0,0.75,0,0,0,0,0
3,0,0,0,0,0,0,0,0,0.5,0,0,0,0,0.5
3,0,0,0,0,0,0,0,0,0,0,0,0,0,1
1,0,0,1,0,0,0,0,0,0,0,0,0,0,0
3,0,0,0,0,0,0,0,0,0,0,0,0,0,1
3,0,0,0,0,0,0,0,0,0,0,0,0,0,1
1,0,0,1,0,0,0,0,0,0,0,0,0,0,0
4,0,0,0,0,0.71,0.14,0,0,0,0,0.14,0,0,0
4,0,0,0,0,1,0,0,0,0,0,0,0,0,0
4,0,0,0,0,0,0.5,0,0,0,0.5,0,0,0,0
4,0,0,0,1,0,0,0,0,0,0,0,0,0,0
4,1,0,0,0,0,0,0,0,0,0,0,0,0,0
1,0,0,1,0,0,0,0,0,0,0,0,0,0,0
1,0,0,0,0,0,0,0,0,1,0,0,0,0,0
1,0,0.33,0.33,0,0,0,0,0,0.33,0,0,0,0,0
1,0,1,0,0,0,0,0,0,0,0,0,0,0,0
2,0,1,0,0,0,0,0,0,0,0,0,0,0,0
2,0,1,0,0,0,0,0,0,0,0,0,0,0,0
0,0,0,0,0,0,0,1,0,0,0,0,0,0,0
0,0,0,0,0,0,0,1,0,0,0,0,0,0,0
6,0,0,0,0,1,0,0,0,0,0,0,0,0,0
1,0,0,0.5,0,0,0,0,0,0.5,0,0,0,0,0
5,0,0,0,0,0,0,0,0,0,0.5,0,0,0.5,0
5,0,0,0,0.5,0,0,0,0,0,0,0.5,0,0,0
5,0,0,0,0,0,0,0,0,0,0,1,0,0,0
5,0,0,0,0,0,0,0,0,0,0,0,0,1,0
5,1,0,0,0,0,0,0,0,0,0,0,0,0,0
5,0,0,0,0,0,0,0,0,0,0,1,0,0,0
5,0,0,0,0,0,0.33,0,0,0,0,0,0,0.67,0
5,0,0,0,0,1,0,0,0,0,0,0,0,0,0
5,0,0,0,0,0,0,0,0,0,0,1,0,0,0
5,0,0,0,0,0,0,0,0,0,0,1,0,0,0
5,0,0,0,0,0,1,0,0,0,0,0,0,0,0
6,0,0,0,0,1,0,0,0,0,0,0,0,0,0
6,0,0,0,0.33,0.67,0,0,0,0,0,0,0,0,0
1,0,0,1,0,0,0,0,0,0,0,0,0,0,0
1,0,0.6,0.2,0,0,0,0,0,0.2,0,0,0,0,0
1,0,0,1,0,0,0,0,0,0,0,0,0,0,0
3,0,0,0.5,0,0,0,0,0,0,0,0,0,0,0.5
3,0,0,0,0,0,0,0,0,0,0,0,0,0,1
1,0,0,1,0,0,0,0,0,0,0,0,0,0,0
3,0,0,0,0,0,0,0,0,0,0,0,0,0,1
3,0,0,0,0,0,0,0,0,0,0,0,0,0,1
1,0,0,0.67,0,0,0,0,0,0.33,0,0,0,0,0
6,0,0,0,0.33,0.67,0,0,0,0,0,0,0,0,0
4,0,0,0,0,0.4,0.2,0,0,0,0,0,0,0.4,0
2,0,1,0,0,0,0,0,0,0,0,0,0,0,0
2,0,1,0,0,0,0,0,0,0,0,0,0,0,0
0,0,0,0,0,0,0,1,0,0,0,0,0,0,0
0,0,0,0,0,0,0,1,0,0,0,0,0,0,0
6,0,0,0,1,0,0,0,0,0,0,0,0,0,0
1,0,1,0,0,0,0,0,0,0,0,0,0,0,0
1,0,0.33,0.67,0,0,0,0,0,0,0,0,0,0,0
3,0,0,0,0,0,0,0,0,0,0,0,0,0,1
3,0,0,0,0,0,0,0,0,0,0,0,0,0,1
1,0,0,0.67,0,0,0,0,0,0.33,0,0,0,0,0
6,0,0,0,0.33,0.67,0,0,0,0,0,0,0,0,0
1,0,0,1,0,0,0,0,0,0,0,0,0,0,0
1,0,0.14,0.43,0,0,0,0,0,0.43,0,0,0,0,0
1,0,1,0,0,0,0,0,0,0,0,0,0,0,0
4,0,0,0,0,0,0,0,0.67,0,0,0.33,0,0,0
4,0,0,0,0,0,0.33,0,0,0,0.67,0,0,0,0
4,0,0,0,0,1,0,0,0,0,0,0,0,0,0
1,0,1,0,0,0,0,0,0,0,0,0,0,0,0
2,0,1,0,0,0,0,0,0,0,0,0,0,0,0
2,0,1,0,0,0,0,0,0,0,0,0,0,0,0
2,0,1,0,0,0,0,0,0,0,0,0,0,0,0
0,0,0,0,0,0,0,1,0,0,0,0,0,0,0
0,0,0,0,0,0,0,1,0,0,0,0,0,0,0
3,0,0,0,0,0,0,0,0,0,0,0,0,0,1
3,0,0,0,0,0,0,0,0,0,0,0,0,0,1
1,0,0,0.67,0,0,0,0,0,0.33,0,0,0,0,0
1,0,0,1,0,0,0,0,0,0,0,0,0,0,0
1,0,0.33,0.33,0,0,0,0,0,0.33,0,0,0,0,0
1,0,1,0,0,0,0,0,0,0,0,0,0,0,0
4,0,0.14,0,0,0.43,0.14,0,0,0,0,0,0,0.29,0
2,0,1,0,0,0,0,0,0,0,0,0,0,0,0
2,0,1,0,0,0,0,0,0,0,0,0,0,0,0
0,0,0,0,0,0,0,1,0,0,0,0,0,0,0
0,0,0,0,0,0,0,1,0,0,0,0,0,0,0
0,0,0,0,0,0,0,1,0,0,0,0,0,0,0
1,0,0,0,0,0,0,0,0,1,0,0,0,0,0
5,0,0,0,0,0.67,0,0,0,0,0,0,0,0.33,0
5,0,0,0,0,0,0,0,0,0,1,0,0,0,0
5,0,0,0,0,0,0,0,0,0,0,0,0,1,0
5,0,0,0,0,1,0,0,0,0,0,0,0,0,0
5,0,0,0,0,0,0,0,0,0,1,0,0,0,0
5,0,0,0,0,0,0,0,0,0,1,0,0,0,0
5,0,0,0,0,0,1,0,0,0,0,0,0,0,0
6,0,0,0,0,1,0,0,0,0,0,0,0,0,0
1,0,0.5,0,0,0,0,0,0,0.5,0,0,0,0,0
6,0,0,0,0,0.4,0,0,0,0,0.6,0,0,0,0
6,0,0,0,0.5,0,0,0,0.5,0,0,0,0,0,0
1,0,0.33,0,0,0,0,0,0,0.67,0,0,0,0,0
3,0,0,0,0,0,0,0,0,0,0,0,0,0,1
1,0,0,0,0,0,0,0,0,1,0,0,0,0,0
3,0,0,0,0,0,0,0,0,0,0,0,0,0,1
3,0,0,0,0,0,0,0,0,0,0,0,0,0,1
1,0,0,0,0,0,0,0,0,1,0,0,0,0,0
1,0,0,0,0,0,0,0,0,1,0,0,0,0,0
2,0,1,0,0,0,0,0,0,0,0,0,0,0,0
2,0,1,0,0,0,0,0,0,0,0,0,0,0,0
0,0,0,0,0,0,0,1,0,0,0,0,0,0,0
0,0,0,0,0,0,0,1,0,0,0,0,0,0,0
5,0,0,0,0,0,0,0,0,0,1,0,0,0,0
5,0,0,0,0,0,1,0,0,0,0,0,0,0,0
5,0,0,0,0,0,0,0,0,0,1,0,0,0,0
6,0,0,0,0.33,0.67,0,0,0,0,0,0,0,0,0
1,0,0,0,0,0,0,0,0,1,0,0,0,0,0
0,0,0,0,0,0,0,1,0,0,0,0,0,0,0
0,0,1,0,0,0,0,0,0,0,0,0,0,0,0
0,0,0,0,0,0,0,1,0,0,0,0,0,0,0
6,0,0,0,0,1,0,0,0,0,0,0,0,0,0
6,0,0,0,0,1,0,0,0,0,0,0,0,0,0
6,0,0,0,0.33,0.67,0,0,0,0,0,0,0,0,0
1,0,0,0,0,0,0,0,0,1,0,0,0,0,0
3,0,0,0,0,0,0,0,0,0,0,0,0,0,1
1,0,0,0,0,0,0,0,0,0.33,0,0,0,0,0.67
1,0,0,0,0,0,0,0,0,1,0,0,0,0,0
4,0,0,0,0,0.5,0.25,0,0,0,0.25,0,0,0,0
4,0,0,0,0,0,0,0,0,0,1,0,0,0,0
4,0,0,0,0,1,0,0,0,0,0,0,0,0,0
4,0,0,0,0,1,0,0,0,0,0,0,0,0,0
6,0,0,0,0.33,0.67,0,0,0,0,0,0,0,0,0
1,0,0.33,0,0,0,0,0,0,0.67,0,0,0,0,0
0,0,0,0,0,0,0,1,0,0,0,0,0,0,0
0,0,0,0,0,0,0,1,0,0,0,0,0,0,0
2,0,1,0,0,0,0,0,0,0,0,0,0,0,0
2,0,1,0,0,0,0,0,0,0,0,0,0,0,0
0,0,0,0,0,0,0,1,0,0,0,0,0,0,0
0,0,0,0,0,0,0,1,0,0,0,0,0,0,0
0,0,0,0,0,0,0,1,0,0,0,0,0,0,0
1,0,1,0,0,0,0,0,0,0,0,0,0,0,0
1,0,0.5,0,0,0,0,0,0,0.5,0,0,0,0,0
3,0,0,0,0,0,0,0,0,0,0,0,0,0,1
1,0,0,0,0,0,0,0,0,1,0,0,0,0,0
3,0,0,0,0,0,0,0,0,0,0,0,0,0,1
1,0,0.67,0,0,0,0,0,0,0.33,0,0,0,0,0
4,0,0,0,0,0.17,0.17,0,0,0,0,0,0,0.67,0
2,0,1,0,0,0,0,0,0,0,0,0,0,0,0
2,0,1,0,0,0,0,0,0,0,0,0,0,0,0
0,0,0,0,0,0,0,1,0,0,0,0,0,0,0
0,0,0,0,0,0,0,1,0,0,0,0,0,0,0
1,0,0,0.67,0,0,0,0,0,0.33,0,0,0,0,0
1,0,0,1,0,0,0,0,0,0,0,0,0,0,0
1,0,0.33,0.33,0,0,0,0,0,0.33,0,0,0,0,0
0,0,0,0,0,0,0,1,0,0,0,0,0,0,0
0,0,0,0,0,0,0,1,0,0,0,0,0,0,0
0,0,0,0,0,1,0,0,0,0,0,0,0,0,0
0,0,1,0,0,0,0,0,0,0,0,0,0,0,0
1,0,0,1,0,0,0,0,0,0,0,0,0,0,0
3,0,0,0,0,0,0,0,0,0,0,0,0,0,1
3,0,0,0,0,0,0,0,0,0,0,0,0,0,1
1,0,0,0.5,0,0,0,0,0,0,0,0,0,0,0.5
1,0,0.4,0.2,0,0,0,0,0,0.4,0,0,0,0,0
1,0,0,0,0,0,0,0,0,1,0,0,0,0,0
1,0,0,0,0,0,0,0,0,1,0,0,0,0,0
1,0,0.5,0.5,0,0,0,0,0,0,0,0,0,0,0
1,0,1,0,0,0,0,0,0,0,0,0,0,0,0
3,0,0,0,0,0,0,0,0,0,0,0,0,0,1
3,0,0,0,0,0,0,0,0,0,0,0,0,0,1
4,0,0,0,0,0.5,0.25,0,0,0,0,0,0,0.25,0
4,0,0,0,0,0,1,0,0,0,0,0,0,0,0
1,0,0,1,0,0,0,0,0,0,0,0,0,0,0
1,0,0,0,0,0,0,0,0,1,0,0,0,0,0
1,0,0.67,0.33,0,0,0,0,0,0,0,0,0,0,0
2,0,1,0,0,0,0,0,0,0,0,0,0,0,0
2,0,1,0,0,0,0,0,0,0,0,0,0,0,0
0,0,0,0,0,0,0,1,0,0,0,0,0,0,0
0,0,0,0,0,0,0,1,0,0,0,0,0,0,0
1,0,0.33,0.67,0,0,0,0,0,0,0,0,0,0,0
0,0,0,0,0,0,0,1,0,0,0,0,0,0,0
0,0,0,0,0,0,0,1,0,0,0,0,0,0,0
1,0,0,0.67,0,0,0,0,0,0.33,0,0,0,0,0
1,0,0.25,0.5,0,0,0,0,0,0.25,0,0,0,0,0
3,0,0,0,0,0,0,0,0,0,0,0,0,0,1
3,0,0,0,0,0,0,0,0,0,0,0,0,0,1
1,0,1,0,0,0,0,0,0,0,0,0,0,0,0
3,0,0,0,0,0,0,0,0,0,0,0,0,0,1
1,0,0,0.43,0,0,0,0,0,0.14,0,0,0,0,0.43
3,0,0,0,0,0,0,0,0,0,0,0,0,0,1
1,0,0,1,0,0,0,0,0,0,0,0,0,0,0
1,0,0.25,0.25,0,0,0,0,0,0.5,0,0,0,0,0
1,0,1,0,0,0,0,0,0,0,0,0,0,0,0
4,0,0,0,0,0.4,0.2,0,0,0,0,0,0,0.4,0
4,0,0,0,0,1,0,0,0,0,0,0,0,0,0
1,0,0,1,0,0,0,0,0,0,0,0,0,0,0
1,0,0,1,0,0,0,0,0,0,0,0,0,0,0
1,0,0,1,0,0,0,0,0,0,0,0,0,0,0
1,0,0,0.33,0,0,0,0,0,0.67,0,0,0,0,0
2,0,1,0,0,0,0,0,0,0,0,0,0,0,0
2,0,1,0,0,0,0,0,0,0,0,0,0,0,0
2,0,1,0,0,0,0,0,0,0,0,0,0,0,0
5,0.2,0,0,0,0,0,0,0,0,0.4,0,0,0.4,0
5,0,0,0,0,0,1,0,0,0,0,0,0,0,0
5,1,0,0,0,0,0,0,0,0,0,0,0,0,0
5,1,0,0,0,0,0,0,0,0,0,0,0,0,0
5,1,0,0,0,0,0,0,0,0,0,0,0,0,0
6,0,0,0,0.33,0.67,0,0,0,0,0,0,0,0,0
1,0,0.33,0.33,0,0,0,0,0,0.33,0,0,0,0,0
0,0,0,0,0,0,0,1,0,0,0,0,0,0,0
0,0,0,0,0,0,0,1,0,0,0,0,0,0,0
1,0,0,0.67,0,0,0,0,0,0.33,0,0,0,0,0
3,0,0,0,0,0,0,0,0,0,0,0,0,0,1
3,0,0,0,0,0,0,0,0,0,0,0,0,0,1
1,0,0,0.6,0,0,0,0,0,0.4,0,0,0,0,0
1,0,0,1,0,0,0,0,0,0,0,0,0,0,0
1,0,0.4,0.4,0,0,0,0,0,0.2,0,0,0,0,0
1,0,1,0,0,0,0,0,0,0,0,0,0,0,0
4,0,0,0,0,0,0,0,0,0,0,0,0,1,0
2,0,1,0,0,0,0,0,0,0,0,0,0,0,0
2,0,1,0,0,0,0,0,0,0,0,0,0,0,0
2,0,1,0,0,0,0,0,0,0,0,0,0,0,0
0,0,0,0,0,0,0,0,0,0,0,0,0,0,1
1,0,0,0.67,0,0,0,0,0,0.33,0,0,0,0,0
3,0,0,0,0,0,0,0,0,0,0,0,0,0,1
3,0,0,0,0,0,0,0,0,0,0,0,0,0,1
1,0,0,0.67,0,0,0,0,0,0.33,0,0,0,0,0
3,0,0,0,0,0,0,0,0,0,0,0,0,0,1
3,0,0,0,0,0,0,0,0,0,0,0,0,0,1
1,0,0,0.5,0,0,0,0,0,0.25,0,0,0,0,0.25
3,0,0,0,0,0,0,0,0,0,0,0,0,0,1
3,0,0,0,0,0,0,0,0,0,0,0,0,0,1
3,0,0,0,0,0,0,0,0,0,0,0,0,0,1
1,0,0,0.67,0,0,0,0,0,0.33,0,0,0,0,0
4,0,0,0,0,0.4,0.2,0,0,0,0,0,0,0.4,0
2,0,1,0,0,0,0,0,0,0,0,0,0,0,0
2,0,1,0,0,0,0,0,0,0,0,0,0,0,0
1,0,1,0,0,0,0,0,0,0,0,0,0,0,0
0,0,0,0,0,0,0,1,0,0,0,0,0,0,0
0,0,0,0,0,0,0,1,0,0,0,0,0,0,0
1,0,0.25,0.5,0,0,0,0,0,0.25,0,0,0,0,0
5,0,0,0,0,0,0,0,1,0,0,0,0,0,0
5,0,0,0,0,0,0,0,0,0,0,1,0,0,0
5,0,0,0,0,0,0,0,0,0,0,1,0,0,0
5,0,0,0,0,0,1,0,0,0,0,0,0,0,0
5,0,0,0,0.5,0,0.5,0,0,0,0,0,0,0,0
5,0,0,0,0,0,0,0,0,0,0,0,0,1,0
5,0,0,0,0,0,0,0,0,0,0,0,0,1,0
5,0,0,1,0,0,0,0,0,0,0,0,0,0,0
5,0,0,0.5,0,0,0,0,0,0.5,0,0,0,0,0
5,0,0,0,0,0,0,0,0,0,0,1,0,0,0
5,0,0,0,0,0,0,0,0,0,0,1,0,0,0
5,0,0,0,0,0,1,0,0,0,0,0,0,0,0
1,0,0,1,0,0,0,0,0,0,0,0,0,0,0
1,0,0,0.5,0,0,0,0,0,0.5,0,0,0,0,0
6,0,0,0,1,0,0,0,0,0,0,0,0,0,0
6,0,0,0,0.67,0.33,0,0,0,0,0,0,0,0,0
1,0,0,0.67,0,0,0,0,0,0.33,0,0,0,0,0
1,0,0,0.67,0,0,0,0,0,0.33,0,0,0,0,0
3,0,0,0,0,0,0,0,0,0,0,0,0,0,1
3,0,0,0,0,0,0,0,0,0,0,0,0,0,1
1,0,0,0.67,0,0,0,0,0,0.33,0,0,0,0,0
3,0,0,0,0,0,0,0,0,0,0,0,0,0,1
3,0,0,0,0,0,0,0,0,0,0,0,0,0,1
1,0,0,1,0,0,0,0,0,0,0,0,0,0,0
1,0,0,0,0,0,0,0,0,1,0,0,0,0,0
1,0,0,0.33,0,0,0,0,0,0.67,0,0,0,0,0
1,0,0.5,0,0,0,0,0,0,0.5,0,0,0,0,0
4,0,0,0,0,0,0.25,0,0,0,0.75,0,0,0,0
4,1,0,0,0,0,0,0,0,0,0,0,0,0,0
4,0.33,0,0,0,0.67,0,0,0,0,0,0,0,0,0
2,0,1,0,0,0,0,0,0,0,0,0,0,0,0
2,0,1,0,0,0,0,0,0,0,0,0,0,0,0
0,0,0,0,0,0,0,1,0,0,0,0,0,0,0
0,0,0,0,0,0,0,1,0,0,0,0,0,0,0
1,0,0,1,0,0,0,0,0,0,0,0,0,0,0
1,0,0,1,0,0,0,0,0,0,0,0,0,0,0
1,0,0,0.5,0,0,0,0,0,0.5,0,0,0,0,0
0,0,0,0,0,0,0,1,0,0,0,0,0,0,0
0,0,0,0,0,0,0,1,0,0,0,0,0,0,0
1,0,0,1,0,0,0,0,0,0,0,0,0,0,0
1,0,0,1,0,0,0,0,0,0,0,0,0,0,0
3,0,0,0,0,0,0,0,0,0,0,0,0,0,1
1,0,0.5,0.25,0,0,0,0,0,0,0,0,0,0,0.25
3,0,0,0,0,0,0,0,0,0,0,0,0,0,1
3,0,0,0,0,0,0,0,0,0,0,0,0,0,1
3,0,0,0,0,0,0,0,0,0,0,0,0,0,1
4,0.14,0,0,0.14,0.29,0,0,0,0,0.29,0,0,0.14,0
4,1,0,0,0,0,0,0,0,0,0,0,0,0,0
1,0,0,0.5,0,0,0,0,0,0.5,0,0,0,0,0
2,0,1,0,0,0,0,0,0,0,0,0,0,0,0
2,0,1,0,0,0,0,0,0,0,0,0,0,0,0
2,0,1,0,0,0,0,0,0,0,0,0,0,0,0
0,0,0,0,0,0,0,1,0,0,0,0,0,0,0
0,0,0,0,0,0,0,1,0,0,0,0,0,0,0
2,0,1,0,0,0,0,0,0,0,0,0,0,0,0
2,0,1,0,0,0,0,0,0,0,0,0,0,0,0
0,0,0,0,0,0,0,1,0,0,0,0,0,0,0
0,0,0,0,0,0,0,1,0,0,0,0,0,0,0
1,0,0,1,0,0,0,0,0,0,0,0,0,0,0
1,0,0,0.5,0,0,0,0,0,0.5,0,0,0,0,0
1,0,0.5,0.5,0,0,0,0,0,0,0,0,0,0,0
1,0,0,0.8,0,0,0,0,0,0.2,0,0,0,0,0
3,0,0,0,0,0,0,0,0,0,0,0,0,0,1
1,0,0,0.6,0,0,0,0,0,0.4,0,0,0,0,0
3,0,0,0,0,0,0,0,0,0,0,0,0,0,1
3,0,0,0,0,0,0,0,0,0,0,0,0,0,1
1,0,0,0.4,0,0,0,0,0,0.2,0,0,0,0,0.4
3,0,0,0,0,0,0,0,0,0,0,0,0,0,1
3,0,0,0,0,0,0,0,0,0,0,0,0,0,1
1,0,0,1,0,0,0,0,0,0,0,0,0,0,0
1,0,0,0.5,0,0,0,0,0,0.5,0,0,0,0,0
4,0.17,0,0,0,0,0.5,0,0,0,0.33,0,0,0,0
4,1,0,0,0,0,0,0,0,0,0,0,0,0,0
4,0,0,0,0,0.5,0,0,0,0,0,0,0,0.5,0
2,0,1,0,0,0,0,0,0,0,0,0,0,0,0
2,0,1,0,0,0,0,0,0,0,0,0,0,0,0
0,0,0,0,0,0,0,1,0,0,0,0,0,0,0
0,0,0,0,0,0,0,1,0,0,0,0,0,0,0
1,0,0.67,0.33,0,0,0,0,0,0,0,0,0,0,0
1,0,0,0,0,0,0,0,0,1,0,0,0,0,0
1,0,0.33,0.33,0,0,0,0,0,0.33,0,0,0,0,0
1,0,1,0,0,0,0,0,0,0,0,0,0,0,0
1,0,0,1,0,0,0,0,0,0,0,0,0,0,0
1,0,0.5,0.25,0,0,0,0,0,0.25,0,0,0,0,0
1,0,0.2,0.6,0,0,0,0,0,0.2,0,0,0,0,0
3,0,0,0,0,0,0,0,0,0,0,0,0,0,1
1,0,0,0.4,0,0,0,0,0,0.2,0,0,0,0,0.4
3,0,0,0,0,0,0,0,0,0,0,0,0,0,1
1,0,0,0.5,0,0,0,0,0,0.25,0,0,0,0,0.25
3,0,0,0,0,0,0,0,0,0,0,0,0,0,1
3,0,0,0,0,0,0,0,0,0,0,0,0,0,1
1,0,0,0.5,0,0,0,0,0,0.5,0,0,0,0,0
1,0,0,1,0,0,0,0,0,0,0,0,0,0,0
2,0,1,0,0,0,0,0,0,0,0,0,0,0,0
2,0,1,0,0,0,0,0,0,0,0,0,0,0,0
0,0,0,0,0,0,0,1,0,0,0,0,0,0,0
0,0,0,0,0,0,0,1,0,0,0,0,0,0,0
1,0,0,0.67,0,0,0,0,0,0.33,0,0,0,0,0
3,0,0,0,0,0,0,0,0,0,0,0,0,0,1
3,0,0,0,0,0,0,0,0,0,0,0,0,0,1
3,0,0,0,0,0,0,0,0,0,0,0,0,0,1
3,0,0,0,0,0,0,0,0,0,0,0,0,0,1
1,0,1,0,0,0,0,0,0,0,0,0,0,0,0
0,0,0,0,0,0,0,1,0,0,0,0,0,0,0
0,0,0,0,0,0,0,1,0,0,0,0,0,0,0
